Full-time/part-time status,State/territory,School sector,Sex,School level,Indigenous status,Students
Full-time equivalent,Australian Capital Territory,Catholic,Female,Primary,Indigenous,88
Full-time equivalent,Australian Capital Territory,Catholic,Female,Primary,Non-Indigenous,4308
Full-time equivalent,Australian Capital Territory,Catholic,Female,Secondary,Indigenous,95
Full-time equivalent,Australian Capital Territory,Catholic,Female,Secondary,Non-Indigenous,3979
Full-time equivalent,Australian Capital Territory,Catholic,Male,Primary,Indigenous,118
Full-time equivalent,Australian Capital Territory,Catholic,Male,Primary,Non-Indigenous,4739.9
Full-time equivalent,Australian Capital Territory,Catholic,Male,Secondary,Indigenous,81
Full-time equivalent,Australian Capital Territory,Catholic,Male,Secondary,Non-Indigenous,4366
Full-time equivalent,Australian Capital Territory,Government,Female,Primary,Indigenous,410.3
Full-time equivalent,Australian Capital Territory,Government,Female,Primary,Non-Indigenous,11568.5
Full-time equivalent,Australian Capital Territory,Government,Female,Secondary,Indigenous,326
Full-time equivalent,Australian Capital Territory,Government,Female,Secondary,Non-Indigenous,7988.3
Full-time equivalent,Australian Capital Territory,Government,Male,Primary,Indigenous,517
Full-time equivalent,Australian Capital Territory,Government,Male,Primary,Non-Indigenous,12335.8
Full-time equivalent,Australian Capital Territory,Government,Male,Secondary,Indigenous,299.4
Full-time equivalent,Australian Capital Territory,Government,Male,Secondary,Non-Indigenous,8369.2
Full-time equivalent,Australian Capital Territory,Independent,Female,Primary,Indigenous,28
Full-time equivalent,Australian Capital Territory,Independent,Female,Primary,Non-Indigenous,2388
Full-time equivalent,Australian Capital Territory,Independent,Female,Secondary,Indigenous,18
Full-time equivalent,Australian Capital Territory,Independent,Female,Secondary,Non-Indigenous,2503.6
Full-time equivalent,Australian Capital Territory,Independent,Male,Primary,Indigenous,19
Full-time equivalent,Australian Capital Territory,Independent,Male,Primary,Non-Indigenous,2343
Full-time equivalent,Australian Capital Territory,Independent,Male,Secondary,Indigenous,25
Full-time equivalent,Australian Capital Territory,Independent,Male,Secondary,Non-Indigenous,2399
Full-time equivalent,New South Wales,Catholic,Female,Primary,Indigenous,2199
Full-time equivalent,New South Wales,Catholic,Female,Primary,Non-Indigenous,62589
Full-time equivalent,New South Wales,Catholic,Female,Secondary,Indigenous,1763
Full-time equivalent,New South Wales,Catholic,Female,Secondary,Non-Indigenous,60311.9
Full-time equivalent,New South Wales,Catholic,Male,Primary,Indigenous,2095
Full-time equivalent,New South Wales,Catholic,Male,Primary,Non-Indigenous,63785.7
Full-time equivalent,New South Wales,Catholic,Male,Secondary,Indigenous,1834
Full-time equivalent,New South Wales,Catholic,Male,Secondary,Non-Indigenous,61298.8
Full-time equivalent,New South Wales,Government,Female,Primary,Indigenous,17705
Full-time equivalent,New South Wales,Government,Female,Primary,Non-Indigenous,218208
Full-time equivalent,New South Wales,Government,Female,Secondary,Indigenous,11196.7
Full-time equivalent,New South Wales,Government,Female,Secondary,Non-Indigenous,137924.2
Full-time equivalent,New South Wales,Government,Male,Primary,Indigenous,18655
Full-time equivalent,New South Wales,Government,Male,Primary,Non-Indigenous,232162
Full-time equivalent,New South Wales,Government,Male,Secondary,Indigenous,11657.5
Full-time equivalent,New South Wales,Government,Male,Secondary,Non-Indigenous,143531.4
Full-time equivalent,New South Wales,Independent,Female,Primary,Indigenous,708
Full-time equivalent,New South Wales,Independent,Female,Primary,Non-Indigenous,36236.9
Full-time equivalent,New South Wales,Independent,Female,Secondary,Indigenous,923.8
Full-time equivalent,New South Wales,Independent,Female,Secondary,Non-Indigenous,41225.1
Full-time equivalent,New South Wales,Independent,Male,Primary,Indigenous,682
Full-time equivalent,New South Wales,Independent,Male,Primary,Non-Indigenous,38536.2
Full-time equivalent,New South Wales,Independent,Male,Secondary,Indigenous,797.7
Full-time equivalent,New South Wales,Independent,Male,Secondary,Non-Indigenous,42444.2
Full-time equivalent,Northern Territory,Catholic,Female,Primary,Indigenous,473
Full-time equivalent,Northern Territory,Catholic,Female,Primary,Non-Indigenous,758
Full-time equivalent,Northern Territory,Catholic,Female,Secondary,Indigenous,439
Full-time equivalent,Northern Territory,Catholic,Female,Secondary,Non-Indigenous,745.5
Full-time equivalent,Northern Territory,Catholic,Male,Primary,Indigenous,502
Full-time equivalent,Northern Territory,Catholic,Male,Primary,Non-Indigenous,827
Full-time equivalent,Northern Territory,Catholic,Male,Secondary,Indigenous,411
Full-time equivalent,Northern Territory,Catholic,Male,Secondary,Non-Indigenous,805
Full-time equivalent,Northern Territory,Government,Female,Primary,Indigenous,4374.3
Full-time equivalent,Northern Territory,Government,Female,Primary,Non-Indigenous,5222.4
Full-time equivalent,Northern Territory,Government,Female,Secondary,Indigenous,2164.2
Full-time equivalent,Northern Territory,Government,Female,Secondary,Non-Indigenous,3014.4
Full-time equivalent,Northern Territory,Government,Male,Primary,Indigenous,4518.2
Full-time equivalent,Northern Territory,Government,Male,Primary,Non-Indigenous,5526.6
Full-time equivalent,Northern Territory,Government,Male,Secondary,Indigenous,2414.5
Full-time equivalent,Northern Territory,Government,Male,Secondary,Non-Indigenous,3112.5
Full-time equivalent,Northern Territory,Independent,Female,Primary,Indigenous,194
Full-time equivalent,Northern Territory,Independent,Female,Primary,Non-Indigenous,1280
Full-time equivalent,Northern Territory,Independent,Female,Secondary,Indigenous,478
Full-time equivalent,Northern Territory,Independent,Female,Secondary,Non-Indigenous,1167
Full-time equivalent,Northern Territory,Independent,Male,Primary,Indigenous,215
Full-time equivalent,Northern Territory,Independent,Male,Primary,Non-Indigenous,1251
Full-time equivalent,Northern Territory,Independent,Male,Secondary,Indigenous,489
Full-time equivalent,Northern Territory,Independent,Male,Secondary,Non-Indigenous,1140.5
Full-time equivalent,Queensland,Catholic,Female,Primary,Indigenous,1557
Full-time equivalent,Queensland,Catholic,Female,Primary,Non-Indigenous,37623.2
Full-time equivalent,Queensland,Catholic,Female,Secondary,Indigenous,1621.2
Full-time equivalent,Queensland,Catholic,Female,Secondary,Non-Indigenous,31224.2
Full-time equivalent,Queensland,Catholic,Male,Primary,Indigenous,1469
Full-time equivalent,Queensland,Catholic,Male,Primary,Non-Indigenous,38324.7
Full-time equivalent,Queensland,Catholic,Male,Secondary,Indigenous,1716.8
Full-time equivalent,Queensland,Catholic,Male,Secondary,Non-Indigenous,33049.7
Full-time equivalent,Queensland,Government,Female,Primary,Indigenous,16913.2
Full-time equivalent,Queensland,Government,Female,Primary,Non-Indigenous,144853.3
Full-time equivalent,Queensland,Government,Female,Secondary,Indigenous,9407
Full-time equivalent,Queensland,Government,Female,Secondary,Non-Indigenous,92217.9
Full-time equivalent,Queensland,Government,Male,Primary,Indigenous,17763.3
Full-time equivalent,Queensland,Government,Male,Primary,Non-Indigenous,154751.7
Full-time equivalent,Queensland,Government,Male,Secondary,Indigenous,9704.2
Full-time equivalent,Queensland,Government,Male,Secondary,Non-Indigenous,97267.8
Full-time equivalent,Queensland,Independent,Female,Primary,Indigenous,843
Full-time equivalent,Queensland,Independent,Female,Primary,Non-Indigenous,25971.6
Full-time equivalent,Queensland,Independent,Female,Secondary,Indigenous,1266.8
Full-time equivalent,Queensland,Independent,Female,Secondary,Non-Indigenous,31034.5
Full-time equivalent,Queensland,Independent,Male,Primary,Indigenous,850
Full-time equivalent,Queensland,Independent,Male,Primary,Non-Indigenous,26345.7
Full-time equivalent,Queensland,Independent,Male,Secondary,Indigenous,1152.1
Full-time equivalent,Queensland,Independent,Male,Secondary,Non-Indigenous,31478.4
Full-time equivalent,South Australia,Catholic,Female,Primary,Indigenous,204
Full-time equivalent,South Australia,Catholic,Female,Primary,Non-Indigenous,12969
Full-time equivalent,South Australia,Catholic,Female,Secondary,Indigenous,130
Full-time equivalent,South Australia,Catholic,Female,Secondary,Non-Indigenous,9481
Full-time equivalent,South Australia,Catholic,Male,Primary,Indigenous,205
Full-time equivalent,South Australia,Catholic,Male,Primary,Non-Indigenous,13461.8
Full-time equivalent,South Australia,Catholic,Male,Secondary,Indigenous,136
Full-time equivalent,South Australia,Catholic,Male,Secondary,Non-Indigenous,9182.3
Full-time equivalent,South Australia,Government,Female,Primary,Indigenous,3447.6
Full-time equivalent,South Australia,Government,Female,Primary,Non-Indigenous,50257.3
Full-time equivalent,South Australia,Government,Female,Secondary,Indigenous,1907.2
Full-time equivalent,South Australia,Government,Female,Secondary,Non-Indigenous,28083.1
Full-time equivalent,South Australia,Government,Male,Primary,Indigenous,3740
Full-time equivalent,South Australia,Government,Male,Primary,Non-Indigenous,53748.2
Full-time equivalent,South Australia,Government,Male,Secondary,Indigenous,1949.9
Full-time equivalent,South Australia,Government,Male,Secondary,Non-Indigenous,29401
Full-time equivalent,South Australia,Independent,Female,Primary,Indigenous,244
Full-time equivalent,South Australia,Independent,Female,Primary,Non-Indigenous,13137.6
Full-time equivalent,South Australia,Independent,Female,Secondary,Indigenous,178
Full-time equivalent,South Australia,Independent,Female,Secondary,Non-Indigenous,10043.8
Full-time equivalent,South Australia,Independent,Male,Primary,Indigenous,197.7
Full-time equivalent,South Australia,Independent,Male,Primary,Non-Indigenous,13277.7
Full-time equivalent,South Australia,Independent,Male,Secondary,Indigenous,122
Full-time equivalent,South Australia,Independent,Male,Secondary,Non-Indigenous,10124.3
Full-time equivalent,Tasmania,Catholic,Female,Primary,Indigenous,277
Full-time equivalent,Tasmania,Catholic,Female,Primary,Non-Indigenous,3661.7
Full-time equivalent,Tasmania,Catholic,Female,Secondary,Indigenous,201
Full-time equivalent,Tasmania,Catholic,Female,Secondary,Non-Indigenous,3539.8
Full-time equivalent,Tasmania,Catholic,Male,Primary,Indigenous,292
Full-time equivalent,Tasmania,Catholic,Male,Primary,Non-Indigenous,3548.2
Full-time equivalent,Tasmania,Catholic,Male,Secondary,Indigenous,201
Full-time equivalent,Tasmania,Catholic,Male,Secondary,Non-Indigenous,3310
Full-time equivalent,Tasmania,Government,Female,Primary,Indigenous,1692
Full-time equivalent,Tasmania,Government,Female,Primary,Non-Indigenous,14480
Full-time equivalent,Tasmania,Government,Female,Secondary,Indigenous,1082.7
Full-time equivalent,Tasmania,Government,Female,Secondary,Non-Indigenous,10028.1
Full-time equivalent,Tasmania,Government,Male,Primary,Indigenous,1727
Full-time equivalent,Tasmania,Government,Male,Primary,Non-Indigenous,15654.5
Full-time equivalent,Tasmania,Government,Male,Secondary,Indigenous,1164.4
Full-time equivalent,Tasmania,Government,Male,Secondary,Non-Indigenous,10677.6
Full-time equivalent,Tasmania,Independent,Female,Primary,Indigenous,105
Full-time equivalent,Tasmania,Independent,Female,Primary,Non-Indigenous,1969.8
Full-time equivalent,Tasmania,Independent,Female,Secondary,Indigenous,87
Full-time equivalent,Tasmania,Independent,Female,Secondary,Non-Indigenous,2348
Full-time equivalent,Tasmania,Independent,Male,Primary,Indigenous,105
Full-time equivalent,Tasmania,Independent,Male,Primary,Non-Indigenous,2136.1
Full-time equivalent,Tasmania,Independent,Male,Secondary,Indigenous,73
Full-time equivalent,Tasmania,Independent,Male,Secondary,Non-Indigenous,2447.8
Full-time equivalent,Victoria,Catholic,Female,Primary,Indigenous,462
Full-time equivalent,Victoria,Catholic,Female,Primary,Non-Indigenous,55062.5
Full-time equivalent,Victoria,Catholic,Female,Secondary,Indigenous,377
Full-time equivalent,Victoria,Catholic,Female,Secondary,Non-Indigenous,48338.5
Full-time equivalent,Victoria,Catholic,Male,Primary,Indigenous,421
Full-time equivalent,Victoria,Catholic,Male,Primary,Non-Indigenous,56610.3
Full-time equivalent,Victoria,Catholic,Male,Secondary,Indigenous,391
Full-time equivalent,Victoria,Catholic,Male,Secondary,Non-Indigenous,46954.8
Full-time equivalent,Victoria,Government,Female,Primary,Indigenous,3878
Full-time equivalent,Victoria,Government,Female,Primary,Non-Indigenous,174179.3
Full-time equivalent,Victoria,Government,Female,Secondary,Indigenous,2449.4
Full-time equivalent,Victoria,Government,Female,Secondary,Non-Indigenous,110653.1
Full-time equivalent,Victoria,Government,Male,Primary,Indigenous,4008.7
Full-time equivalent,Victoria,Government,Male,Primary,Non-Indigenous,188603.3
Full-time equivalent,Victoria,Government,Male,Secondary,Indigenous,2455.1
Full-time equivalent,Victoria,Government,Male,Secondary,Non-Indigenous,118844.5
Full-time equivalent,Victoria,Independent,Female,Primary,Indigenous,95
Full-time equivalent,Victoria,Independent,Female,Primary,Non-Indigenous,29486.6
Full-time equivalent,Victoria,Independent,Female,Secondary,Indigenous,360.6
Full-time equivalent,Victoria,Independent,Female,Secondary,Non-Indigenous,41015.5
Full-time equivalent,Victoria,Independent,Male,Primary,Indigenous,100
Full-time equivalent,Victoria,Independent,Male,Primary,Non-Indigenous,28455.1
Full-time equivalent,Victoria,Independent,Male,Secondary,Indigenous,233
Full-time equivalent,Victoria,Independent,Male,Secondary,Non-Indigenous,39628.5
Full-time equivalent,Western Australia,Catholic,Female,Primary,Indigenous,695
Full-time equivalent,Western Australia,Catholic,Female,Primary,Non-Indigenous,17786
Full-time equivalent,Western Australia,Catholic,Female,Secondary,Indigenous,681
Full-time equivalent,Western Australia,Catholic,Female,Secondary,Non-Indigenous,16787.2
Full-time equivalent,Western Australia,Catholic,Male,Primary,Indigenous,690
Full-time equivalent,Western Australia,Catholic,Male,Primary,Non-Indigenous,17892.5
Full-time equivalent,Western Australia,Catholic,Male,Secondary,Indigenous,575
Full-time equivalent,Western Australia,Catholic,Male,Secondary,Non-Indigenous,16929
Full-time equivalent,Western Australia,Government,Female,Primary,Indigenous,7197
Full-time equivalent,Western Australia,Government,Female,Primary,Non-Indigenous,76217
Full-time equivalent,Western Australia,Government,Female,Secondary,Indigenous,3857.2
Full-time equivalent,Western Australia,Government,Female,Secondary,Non-Indigenous,45940.2
Full-time equivalent,Western Australia,Government,Male,Primary,Indigenous,7463
Full-time equivalent,Western Australia,Government,Male,Primary,Non-Indigenous,82087
Full-time equivalent,Western Australia,Government,Male,Secondary,Indigenous,3968.7
Full-time equivalent,Western Australia,Government,Male,Secondary,Non-Indigenous,49555.8
Full-time equivalent,Western Australia,Independent,Female,Primary,Indigenous,291
Full-time equivalent,Western Australia,Independent,Female,Primary,Non-Indigenous,13688.2
Full-time equivalent,Western Australia,Independent,Female,Secondary,Indigenous,462
Full-time equivalent,Western Australia,Independent,Female,Secondary,Non-Indigenous,18097.1
Full-time equivalent,Western Australia,Independent,Male,Primary,Indigenous,286
Full-time equivalent,Western Australia,Independent,Male,Primary,Non-Indigenous,13521.6
Full-time equivalent,Western Australia,Independent,Male,Secondary,Indigenous,517
Full-time equivalent,Western Australia,Independent,Male,Secondary,Non-Indigenous,17853.3
Full-time students,Australian Capital Territory,Catholic,Female,Primary,Indigenous,88
Full-time students,Australian Capital Territory,Catholic,Female,Primary,Non-Indigenous,4308
Full-time students,Australian Capital Territory,Catholic,Female,Secondary,Indigenous,95
Full-time students,Australian Capital Territory,Catholic,Female,Secondary,Non-Indigenous,3979
Full-time students,Australian Capital Territory,Catholic,Male,Primary,Indigenous,118
Full-time students,Australian Capital Territory,Catholic,Male,Primary,Non-Indigenous,4738
Full-time students,Australian Capital Territory,Catholic,Male,Secondary,Indigenous,81
Full-time students,Australian Capital Territory,Catholic,Male,Secondary,Non-Indigenous,4366
Full-time students,Australian Capital Territory,Government,Female,Primary,Indigenous,407
Full-time students,Australian Capital Territory,Government,Female,Primary,Non-Indigenous,11567
Full-time students,Australian Capital Territory,Government,Female,Secondary,Indigenous,326
Full-time students,Australian Capital Territory,Government,Female,Secondary,Non-Indigenous,7945
Full-time students,Australian Capital Territory,Government,Male,Primary,Indigenous,517
Full-time students,Australian Capital Territory,Government,Male,Primary,Non-Indigenous,12323
Full-time students,Australian Capital Territory,Government,Male,Secondary,Indigenous,297
Full-time students,Australian Capital Territory,Government,Male,Secondary,Non-Indigenous,8340
Full-time students,Australian Capital Territory,Independent,Female,Primary,Indigenous,28
Full-time students,Australian Capital Territory,Independent,Female,Primary,Non-Indigenous,2388
Full-time students,Australian Capital Territory,Independent,Female,Secondary,Indigenous,18
Full-time students,Australian Capital Territory,Independent,Female,Secondary,Non-Indigenous,2501
Full-time students,Australian Capital Territory,Independent,Male,Primary,Indigenous,19
Full-time students,Australian Capital Territory,Independent,Male,Primary,Non-Indigenous,2343
Full-time students,Australian Capital Territory,Independent,Male,Secondary,Indigenous,25
Full-time students,Australian Capital Territory,Independent,Male,Secondary,Non-Indigenous,2399
Full-time students,New South Wales,Catholic,Female,Primary,Indigenous,2199
Full-time students,New South Wales,Catholic,Female,Primary,Non-Indigenous,62589
Full-time students,New South Wales,Catholic,Female,Secondary,Indigenous,1763
Full-time students,New South Wales,Catholic,Female,Secondary,Non-Indigenous,60291
Full-time students,New South Wales,Catholic,Male,Primary,Indigenous,2095
Full-time students,New South Wales,Catholic,Male,Primary,Non-Indigenous,63784
Full-time students,New South Wales,Catholic,Male,Secondary,Indigenous,1834
Full-time students,New South Wales,Catholic,Male,Secondary,Non-Indigenous,61290
Full-time students,New South Wales,Government,Female,Primary,Indigenous,17705
Full-time students,New South Wales,Government,Female,Primary,Non-Indigenous,218208
Full-time students,New South Wales,Government,Female,Secondary,Indigenous,11139
Full-time students,New South Wales,Government,Female,Secondary,Non-Indigenous,137293
Full-time students,New South Wales,Government,Male,Primary,Indigenous,18655
Full-time students,New South Wales,Government,Male,Primary,Non-Indigenous,232162
Full-time students,New South Wales,Government,Male,Secondary,Indigenous,11602
Full-time students,New South Wales,Government,Male,Secondary,Non-Indigenous,143069
Full-time students,New South Wales,Independent,Female,Primary,Indigenous,708
Full-time students,New South Wales,Independent,Female,Primary,Non-Indigenous,36236
Full-time students,New South Wales,Independent,Female,Secondary,Indigenous,885
Full-time students,New South Wales,Independent,Female,Secondary,Non-Indigenous,41161
Full-time students,New South Wales,Independent,Male,Primary,Indigenous,682
Full-time students,New South Wales,Independent,Male,Primary,Non-Indigenous,38530
Full-time students,New South Wales,Independent,Male,Secondary,Indigenous,775
Full-time students,New South Wales,Independent,Male,Secondary,Non-Indigenous,42410
Full-time students,Northern Territory,Catholic,Female,Primary,Indigenous,473
Full-time students,Northern Territory,Catholic,Female,Primary,Non-Indigenous,758
Full-time students,Northern Territory,Catholic,Female,Secondary,Indigenous,439
Full-time students,Northern Territory,Catholic,Female,Secondary,Non-Indigenous,744
Full-time students,Northern Territory,Catholic,Male,Primary,Indigenous,502
Full-time students,Northern Territory,Catholic,Male,Primary,Non-Indigenous,827
Full-time students,Northern Territory,Catholic,Male,Secondary,Indigenous,411
Full-time students,Northern Territory,Catholic,Male,Secondary,Non-Indigenous,805
Full-time students,Northern Territory,Government,Female,Primary,Indigenous,4369
Full-time students,Northern Territory,Government,Female,Primary,Non-Indigenous,5217
Full-time students,Northern Territory,Government,Female,Secondary,Indigenous,2147
Full-time students,Northern Territory,Government,Female,Secondary,Non-Indigenous,3001
Full-time students,Northern Territory,Government,Male,Primary,Indigenous,4510
Full-time students,Northern Territory,Government,Male,Primary,Non-Indigenous,5506
Full-time students,Northern Territory,Government,Male,Secondary,Indigenous,2386
Full-time students,Northern Territory,Government,Male,Secondary,Non-Indigenous,3099
Full-time students,Northern Territory,Independent,Female,Primary,Indigenous,194
Full-time students,Northern Territory,Independent,Female,Primary,Non-Indigenous,1280
Full-time students,Northern Territory,Independent,Female,Secondary,Indigenous,478
Full-time students,Northern Territory,Independent,Female,Secondary,Non-Indigenous,1167
Full-time students,Northern Territory,Independent,Male,Primary,Indigenous,215
Full-time students,Northern Territory,Independent,Male,Primary,Non-Indigenous,1251
Full-time students,Northern Territory,Independent,Male,Secondary,Indigenous,489
Full-time students,Northern Territory,Independent,Male,Secondary,Non-Indigenous,1138
Full-time students,Queensland,Catholic,Female,Primary,Indigenous,1557
Full-time students,Queensland,Catholic,Female,Primary,Non-Indigenous,37619
Full-time students,Queensland,Catholic,Female,Secondary,Indigenous,1620
Full-time students,Queensland,Catholic,Female,Secondary,Non-Indigenous,31213
Full-time students,Queensland,Catholic,Male,Primary,Indigenous,1469
Full-time students,Queensland,Catholic,Male,Primary,Non-Indigenous,38315
Full-time students,Queensland,Catholic,Male,Secondary,Indigenous,1715
Full-time students,Queensland,Catholic,Male,Secondary,Non-Indigenous,33042
Full-time students,Queensland,Government,Female,Primary,Indigenous,16869
Full-time students,Queensland,Government,Female,Primary,Non-Indigenous,144686
Full-time students,Queensland,Government,Female,Secondary,Indigenous,9341
Full-time students,Queensland,Government,Female,Secondary,Non-Indigenous,91670
Full-time students,Queensland,Government,Male,Primary,Indigenous,17719
Full-time students,Queensland,Government,Male,Primary,Non-Indigenous,154544
Full-time students,Queensland,Government,Male,Secondary,Indigenous,9630
Full-time students,Queensland,Government,Male,Secondary,Non-Indigenous,96712
Full-time students,Queensland,Independent,Female,Primary,Indigenous,843
Full-time students,Queensland,Independent,Female,Primary,Non-Indigenous,25963
Full-time students,Queensland,Independent,Female,Secondary,Indigenous,1264
Full-time students,Queensland,Independent,Female,Secondary,Non-Indigenous,31006
Full-time students,Queensland,Independent,Male,Primary,Indigenous,850
Full-time students,Queensland,Independent,Male,Primary,Non-Indigenous,26309
Full-time students,Queensland,Independent,Male,Secondary,Indigenous,1149
Full-time students,Queensland,Independent,Male,Secondary,Non-Indigenous,31450
Full-time students,South Australia,Catholic,Female,Primary,Indigenous,204
Full-time students,South Australia,Catholic,Female,Primary,Non-Indigenous,12969
Full-time students,South Australia,Catholic,Female,Secondary,Indigenous,130
Full-time students,South Australia,Catholic,Female,Secondary,Non-Indigenous,9462
Full-time students,South Australia,Catholic,Male,Primary,Indigenous,205
Full-time students,South Australia,Catholic,Male,Primary,Non-Indigenous,13457
Full-time students,South Australia,Catholic,Male,Secondary,Indigenous,136
Full-time students,South Australia,Catholic,Male,Secondary,Non-Indigenous,9151
Full-time students,South Australia,Government,Female,Primary,Indigenous,3446
Full-time students,South Australia,Government,Female,Primary,Non-Indigenous,50255
Full-time students,South Australia,Government,Female,Secondary,Indigenous,1893
Full-time students,South Australia,Government,Female,Secondary,Non-Indigenous,27650
Full-time students,South Australia,Government,Male,Primary,Indigenous,3740
Full-time students,South Australia,Government,Male,Primary,Non-Indigenous,53739
Full-time students,South Australia,Government,Male,Secondary,Indigenous,1935
Full-time students,South Australia,Government,Male,Secondary,Non-Indigenous,29090
Full-time students,South Australia,Independent,Female,Primary,Indigenous,244
Full-time students,South Australia,Independent,Female,Primary,Non-Indigenous,13133
Full-time students,South Australia,Independent,Female,Secondary,Indigenous,178
Full-time students,South Australia,Independent,Female,Secondary,Non-Indigenous,10025
Full-time students,South Australia,Independent,Male,Primary,Indigenous,196
Full-time students,South Australia,Independent,Male,Primary,Non-Indigenous,13270
Full-time students,South Australia,Independent,Male,Secondary,Indigenous,122
Full-time students,South Australia,Independent,Male,Secondary,Non-Indigenous,10107
Full-time students,Tasmania,Catholic,Female,Primary,Indigenous,277
Full-time students,Tasmania,Catholic,Female,Primary,Non-Indigenous,3660
Full-time students,Tasmania,Catholic,Female,Secondary,Indigenous,201
Full-time students,Tasmania,Catholic,Female,Secondary,Non-Indigenous,3538
Full-time students,Tasmania,Catholic,Male,Primary,Indigenous,292
Full-time students,Tasmania,Catholic,Male,Primary,Non-Indigenous,3546
Full-time students,Tasmania,Catholic,Male,Secondary,Indigenous,201
Full-time students,Tasmania,Catholic,Male,Secondary,Non-Indigenous,3310
Full-time students,Tasmania,Government,Female,Primary,Indigenous,1692
Full-time students,Tasmania,Government,Female,Primary,Non-Indigenous,14480
Full-time students,Tasmania,Government,Female,Secondary,Indigenous,1059
Full-time students,Tasmania,Government,Female,Secondary,Non-Indigenous,9877
Full-time students,Tasmania,Government,Male,Primary,Indigenous,1727
Full-time students,Tasmania,Government,Male,Primary,Non-Indigenous,15653
Full-time students,Tasmania,Government,Male,Secondary,Indigenous,1146
Full-time students,Tasmania,Government,Male,Secondary,Non-Indigenous,10540
Full-time students,Tasmania,Independent,Female,Primary,Indigenous,105
Full-time students,Tasmania,Independent,Female,Primary,Non-Indigenous,1969
Full-time students,Tasmania,Independent,Female,Secondary,Indigenous,87
Full-time students,Tasmania,Independent,Female,Secondary,Non-Indigenous,2345
Full-time students,Tasmania,Independent,Male,Primary,Indigenous,105
Full-time students,Tasmania,Independent,Male,Primary,Non-Indigenous,2128
Full-time students,Tasmania,Independent,Male,Secondary,Indigenous,73
Full-time students,Tasmania,Independent,Male,Secondary,Non-Indigenous,2446
Full-time students,Victoria,Catholic,Female,Primary,Indigenous,462
Full-time students,Victoria,Catholic,Female,Primary,Non-Indigenous,55043
Full-time students,Victoria,Catholic,Female,Secondary,Indigenous,377
Full-time students,Victoria,Catholic,Female,Secondary,Non-Indigenous,48325
Full-time students,Victoria,Catholic,Male,Primary,Indigenous,421
Full-time students,Victoria,Catholic,Male,Primary,Non-Indigenous,56578
Full-time students,Victoria,Catholic,Male,Secondary,Indigenous,391
Full-time students,Victoria,Catholic,Male,Secondary,Non-Indigenous,46942
Full-time students,Victoria,Government,Female,Primary,Indigenous,3878
Full-time students,Victoria,Government,Female,Primary,Non-Indigenous,174095
Full-time students,Victoria,Government,Female,Secondary,Indigenous,2439
Full-time students,Victoria,Government,Female,Secondary,Non-Indigenous,109808
Full-time students,Victoria,Government,Male,Primary,Indigenous,4004
Full-time students,Victoria,Government,Male,Primary,Non-Indigenous,188439
Full-time students,Victoria,Government,Male,Secondary,Indigenous,2452
Full-time students,Victoria,Government,Male,Secondary,Non-Indigenous,118274
Full-time students,Victoria,Independent,Female,Primary,Indigenous,95
Full-time students,Victoria,Independent,Female,Primary,Non-Indigenous,29473
Full-time students,Victoria,Independent,Female,Secondary,Indigenous,359
Full-time students,Victoria,Independent,Female,Secondary,Non-Indigenous,40974
Full-time students,Victoria,Independent,Male,Primary,Indigenous,100
Full-time students,Victoria,Independent,Male,Primary,Non-Indigenous,28445
Full-time students,Victoria,Independent,Male,Secondary,Indigenous,233
Full-time students,Victoria,Independent,Male,Secondary,Non-Indigenous,39597
Full-time students,Western Australia,Catholic,Female,Primary,Indigenous,695
Full-time students,Western Australia,Catholic,Female,Primary,Non-Indigenous,17786
Full-time students,Western Australia,Catholic,Female,Secondary,Indigenous,681
Full-time students,Western Australia,Catholic,Female,Secondary,Non-Indigenous,16786
Full-time students,Western Australia,Catholic,Male,Primary,Indigenous,690
Full-time students,Western Australia,Catholic,Male,Primary,Non-Indigenous,17889
Full-time students,Western Australia,Catholic,Male,Secondary,Indigenous,575
Full-time students,Western Australia,Catholic,Male,Secondary,Non-Indigenous,16929
Full-time students,Western Australia,Government,Female,Primary,Indigenous,7197
Full-time students,Western Australia,Government,Female,Primary,Non-Indigenous,76217
Full-time students,Western Australia,Government,Female,Secondary,Indigenous,3855
Full-time students,Western Australia,Government,Female,Secondary,Non-Indigenous,45759
Full-time students,Western Australia,Government,Male,Primary,Indigenous,7463
Full-time students,Western Australia,Government,Male,Primary,Non-Indigenous,82087
Full-time students,Western Australia,Government,Male,Secondary,Indigenous,3967
Full-time students,Western Australia,Government,Male,Secondary,Non-Indigenous,49365
Full-time students,Western Australia,Independent,Female,Primary,Indigenous,291
Full-time students,Western Australia,Independent,Female,Primary,Non-Indigenous,13677
Full-time students,Western Australia,Independent,Female,Secondary,Indigenous,462
Full-time students,Western Australia,Independent,Female,Secondary,Non-Indigenous,18085
Full-time students,Western Australia,Independent,Male,Primary,Indigenous,286
Full-time students,Western Australia,Independent,Male,Primary,Non-Indigenous,13500
Full-time students,Western Australia,Independent,Male,Secondary,Indigenous,517
Full-time students,Western Australia,Independent,Male,Secondary,Non-Indigenous,17846
Part-time students,Australian Capital Territory,Catholic,Female,Primary,Indigenous,0
Part-time students,Australian Capital Territory,Catholic,Female,Primary,Non-Indigenous,0
Part-time students,Australian Capital Territory,Catholic,Female,Secondary,Indigenous,0
Part-time students,Australian Capital Territory,Catholic,Female,Secondary,Non-Indigenous,0
Part-time students,Australian Capital Territory,Catholic,Male,Primary,Indigenous,0
Part-time students,Australian Capital Territory,Catholic,Male,Primary,Non-Indigenous,4
Part-time students,Australian Capital Territory,Catholic,Male,Secondary,Indigenous,0
Part-time students,Australian Capital Territory,Catholic,Male,Secondary,Non-Indigenous,0
Part-time students,Australian Capital Territory,Government,Female,Primary,Indigenous,7
Part-time students,Australian Capital Territory,Government,Female,Primary,Non-Indigenous,3
Part-time students,Australian Capital Territory,Government,Female,Secondary,Indigenous,0
Part-time students,Australian Capital Territory,Government,Female,Secondary,Non-Indigenous,78
Part-time students,Australian Capital Territory,Government,Male,Primary,Indigenous,0
Part-time students,Australian Capital Territory,Government,Male,Primary,Non-Indigenous,27
Part-time students,Australian Capital Territory,Government,Male,Secondary,Indigenous,5
Part-time students,Australian Capital Territory,Government,Male,Secondary,Non-Indigenous,44
Part-time students,Australian Capital Territory,Independent,Female,Primary,Indigenous,0
Part-time students,Australian Capital Territory,Independent,Female,Primary,Non-Indigenous,0
Part-time students,Australian Capital Territory,Independent,Female,Secondary,Indigenous,0
Part-time students,Australian Capital Territory,Independent,Female,Secondary,Non-Indigenous,5
Part-time students,Australian Capital Territory,Independent,Male,Primary,Indigenous,0
Part-time students,Australian Capital Territory,Independent,Male,Primary,Non-Indigenous,0
Part-time students,Australian Capital Territory,Independent,Male,Secondary,Indigenous,0
Part-time students,Australian Capital Territory,Independent,Male,Secondary,Non-Indigenous,0
Part-time students,New South Wales,Catholic,Female,Primary,Indigenous,0
Part-time students,New South Wales,Catholic,Female,Primary,Non-Indigenous,0
Part-time students,New South Wales,Catholic,Female,Secondary,Indigenous,0
Part-time students,New South Wales,Catholic,Female,Secondary,Non-Indigenous,39
Part-time students,New South Wales,Catholic,Male,Primary,Indigenous,0
Part-time students,New South Wales,Catholic,Male,Primary,Non-Indigenous,4
Part-time students,New South Wales,Catholic,Male,Secondary,Indigenous,0
Part-time students,New South Wales,Catholic,Male,Secondary,Non-Indigenous,18
Part-time students,New South Wales,Government,Female,Primary,Indigenous,0
Part-time students,New South Wales,Government,Female,Primary,Non-Indigenous,0
Part-time students,New South Wales,Government,Female,Secondary,Indigenous,93
Part-time students,New South Wales,Government,Female,Secondary,Non-Indigenous,1006
Part-time students,New South Wales,Government,Male,Primary,Indigenous,0
Part-time students,New South Wales,Government,Male,Primary,Non-Indigenous,0
Part-time students,New South Wales,Government,Male,Secondary,Indigenous,89
Part-time students,New South Wales,Government,Male,Secondary,Non-Indigenous,742
Part-time students,New South Wales,Independent,Female,Primary,Indigenous,0
Part-time students,New South Wales,Independent,Female,Primary,Non-Indigenous,3
Part-time students,New South Wales,Independent,Female,Secondary,Indigenous,55
Part-time students,New South Wales,Independent,Female,Secondary,Non-Indigenous,100
Part-time students,New South Wales,Independent,Male,Primary,Indigenous,0
Part-time students,New South Wales,Independent,Male,Primary,Non-Indigenous,9
Part-time students,New South Wales,Independent,Male,Secondary,Indigenous,31
Part-time students,New South Wales,Independent,Male,Secondary,Non-Indigenous,53
Part-time students,Northern Territory,Catholic,Female,Primary,Indigenous,0
Part-time students,Northern Territory,Catholic,Female,Primary,Non-Indigenous,0
Part-time students,Northern Territory,Catholic,Female,Secondary,Indigenous,0
Part-time students,Northern Territory,Catholic,Female,Secondary,Non-Indigenous,4
Part-time students,Northern Territory,Catholic,Male,Primary,Indigenous,0
Part-time students,Northern Territory,Catholic,Male,Primary,Non-Indigenous,0
Part-time students,Northern Territory,Catholic,Male,Secondary,Indigenous,0
Part-time students,Northern Territory,Catholic,Male,Secondary,Non-Indigenous,0
Part-time students,Northern Territory,Government,Female,Primary,Indigenous,21
Part-time students,Northern Territory,Government,Female,Primary,Non-Indigenous,11
Part-time students,Northern Territory,Government,Female,Secondary,Indigenous,34
Part-time students,Northern Territory,Government,Female,Secondary,Non-Indigenous,38
Part-time students,Northern Territory,Government,Male,Primary,Indigenous,29
Part-time students,Northern Territory,Government,Male,Primary,Non-Indigenous,42
Part-time students,Northern Territory,Government,Male,Secondary,Indigenous,66
Part-time students,Northern Territory,Government,Male,Secondary,Non-Indigenous,39
Part-time students,Northern Territory,Independent,Female,Primary,Indigenous,0
Part-time students,Northern Territory,Independent,Female,Primary,Non-Indigenous,0
Part-time students,Northern Territory,Independent,Female,Secondary,Indigenous,0
Part-time students,Northern Territory,Independent,Female,Secondary,Non-Indigenous,0
Part-time students,Northern Territory,Independent,Male,Primary,Indigenous,0
Part-time students,Northern Territory,Independent,Male,Primary,Non-Indigenous,0
Part-time students,Northern Territory,Independent,Male,Secondary,Indigenous,0
Part-time students,Northern Territory,Independent,Male,Secondary,Non-Indigenous,5
Part-time students,Queensland,Catholic,Female,Primary,Indigenous,0
Part-time students,Queensland,Catholic,Female,Primary,Non-Indigenous,6
Part-time students,Queensland,Catholic,Female,Secondary,Indigenous,3
Part-time students,Queensland,Catholic,Female,Secondary,Non-Indigenous,20
Part-time students,Queensland,Catholic,Male,Primary,Indigenous,0
Part-time students,Queensland,Catholic,Male,Primary,Non-Indigenous,17
Part-time students,Queensland,Catholic,Male,Secondary,Indigenous,3
Part-time students,Queensland,Catholic,Male,Secondary,Non-Indigenous,16
Part-time students,Queensland,Government,Female,Primary,Indigenous,216
Part-time students,Queensland,Government,Female,Primary,Non-Indigenous,793
Part-time students,Queensland,Government,Female,Secondary,Indigenous,208
Part-time students,Queensland,Government,Female,Secondary,Non-Indigenous,1809
Part-time students,Queensland,Government,Male,Primary,Indigenous,206
Part-time students,Queensland,Government,Male,Primary,Non-Indigenous,881
Part-time students,Queensland,Government,Male,Secondary,Indigenous,226
Part-time students,Queensland,Government,Male,Secondary,Non-Indigenous,1627
Part-time students,Queensland,Independent,Female,Primary,Indigenous,0
Part-time students,Queensland,Independent,Female,Primary,Non-Indigenous,17
Part-time students,Queensland,Independent,Female,Secondary,Indigenous,4
Part-time students,Queensland,Independent,Female,Secondary,Non-Indigenous,48
Part-time students,Queensland,Independent,Male,Primary,Indigenous,0
Part-time students,Queensland,Independent,Male,Primary,Non-Indigenous,78
Part-time students,Queensland,Independent,Male,Secondary,Indigenous,7
Part-time students,Queensland,Independent,Male,Secondary,Non-Indigenous,52
Part-time students,South Australia,Catholic,Female,Primary,Indigenous,0
Part-time students,South Australia,Catholic,Female,Primary,Non-Indigenous,0
Part-time students,South Australia,Catholic,Female,Secondary,Indigenous,0
Part-time students,South Australia,Catholic,Female,Secondary,Non-Indigenous,32
Part-time students,South Australia,Catholic,Male,Primary,Indigenous,0
Part-time students,South Australia,Catholic,Male,Primary,Non-Indigenous,9
Part-time students,South Australia,Catholic,Male,Secondary,Indigenous,0
Part-time students,South Australia,Catholic,Male,Secondary,Non-Indigenous,62
Part-time students,South Australia,Government,Female,Primary,Indigenous,3
Part-time students,South Australia,Government,Female,Primary,Non-Indigenous,15
Part-time students,South Australia,Government,Female,Secondary,Indigenous,24
Part-time students,South Australia,Government,Female,Secondary,Non-Indigenous,945
Part-time students,South Australia,Government,Male,Primary,Indigenous,0
Part-time students,South Australia,Government,Male,Primary,Non-Indigenous,26
Part-time students,South Australia,Government,Male,Secondary,Indigenous,26
Part-time students,South Australia,Government,Male,Secondary,Non-Indigenous,719
Part-time students,South Australia,Independent,Female,Primary,Indigenous,0
Part-time students,South Australia,Independent,Female,Primary,Non-Indigenous,9
Part-time students,South Australia,Independent,Female,Secondary,Indigenous,0
Part-time students,South Australia,Independent,Female,Secondary,Non-Indigenous,37
Part-time students,South Australia,Independent,Male,Primary,Indigenous,4
Part-time students,South Australia,Independent,Male,Primary,Non-Indigenous,12
Part-time students,South Australia,Independent,Male,Secondary,Indigenous,0
Part-time students,South Australia,Independent,Male,Secondary,Non-Indigenous,45
Part-time students,Tasmania,Catholic,Female,Primary,Indigenous,0
Part-time students,Tasmania,Catholic,Female,Primary,Non-Indigenous,3
Part-time students,Tasmania,Catholic,Female,Secondary,Indigenous,0
Part-time students,Tasmania,Catholic,Female,Secondary,Non-Indigenous,3
Part-time students,Tasmania,Catholic,Male,Primary,Indigenous,0
Part-time students,Tasmania,Catholic,Male,Primary,Non-Indigenous,4
Part-time students,Tasmania,Catholic,Male,Secondary,Indigenous,0
Part-time students,Tasmania,Catholic,Male,Secondary,Non-Indigenous,0
Part-time students,Tasmania,Government,Female,Primary,Indigenous,0
Part-time students,Tasmania,Government,Female,Primary,Non-Indigenous,0
Part-time students,Tasmania,Government,Female,Secondary,Indigenous,36
Part-time students,Tasmania,Government,Female,Secondary,Non-Indigenous,222
Part-time students,Tasmania,Government,Male,Primary,Indigenous,0
Part-time students,Tasmania,Government,Male,Primary,Non-Indigenous,3
Part-time students,Tasmania,Government,Male,Secondary,Indigenous,27
Part-time students,Tasmania,Government,Male,Secondary,Non-Indigenous,207
Part-time students,Tasmania,Independent,Female,Primary,Indigenous,0
Part-time students,Tasmania,Independent,Female,Primary,Non-Indigenous,3
Part-time students,Tasmania,Independent,Female,Secondary,Indigenous,0
Part-time students,Tasmania,Independent,Female,Secondary,Non-Indigenous,7
Part-time students,Tasmania,Independent,Male,Primary,Indigenous,0
Part-time students,Tasmania,Independent,Male,Primary,Non-Indigenous,18
Part-time students,Tasmania,Independent,Male,Secondary,Indigenous,0
Part-time students,Tasmania,Independent,Male,Secondary,Non-Indigenous,4
Part-time students,Victoria,Catholic,Female,Primary,Indigenous,0
Part-time students,Victoria,Catholic,Female,Primary,Non-Indigenous,45
Part-time students,Victoria,Catholic,Female,Secondary,Indigenous,0
Part-time students,Victoria,Catholic,Female,Secondary,Non-Indigenous,29
Part-time students,Victoria,Catholic,Male,Primary,Indigenous,0
Part-time students,Victoria,Catholic,Male,Primary,Non-Indigenous,69
Part-time students,Victoria,Catholic,Male,Secondary,Indigenous,0
Part-time students,Victoria,Catholic,Male,Secondary,Non-Indigenous,35
Part-time students,Victoria,Government,Female,Primary,Indigenous,0
Part-time students,Victoria,Government,Female,Primary,Non-Indigenous,168
Part-time students,Victoria,Government,Female,Secondary,Indigenous,19
Part-time students,Victoria,Government,Female,Secondary,Non-Indigenous,1496
Part-time students,Victoria,Government,Male,Primary,Indigenous,12
Part-time students,Victoria,Government,Male,Primary,Non-Indigenous,350
Part-time students,Victoria,Government,Male,Secondary,Indigenous,5
Part-time students,Victoria,Government,Male,Secondary,Non-Indigenous,1036
Part-time students,Victoria,Independent,Female,Primary,Indigenous,0
Part-time students,Victoria,Independent,Female,Primary,Non-Indigenous,20
Part-time students,Victoria,Independent,Female,Secondary,Indigenous,3
Part-time students,Victoria,Independent,Female,Secondary,Non-Indigenous,71
Part-time students,Victoria,Independent,Male,Primary,Indigenous,0
Part-time students,Victoria,Independent,Male,Primary,Non-Indigenous,18
Part-time students,Victoria,Independent,Male,Secondary,Indigenous,0
Part-time students,Victoria,Independent,Male,Secondary,Non-Indigenous,55
Part-time students,Western Australia,Catholic,Female,Primary,Indigenous,0
Part-time students,Western Australia,Catholic,Female,Primary,Non-Indigenous,0
Part-time students,Western Australia,Catholic,Female,Secondary,Indigenous,0
Part-time students,Western Australia,Catholic,Female,Secondary,Non-Indigenous,3
Part-time students,Western Australia,Catholic,Male,Primary,Indigenous,0
Part-time students,Western Australia,Catholic,Male,Primary,Non-Indigenous,6
Part-time students,Western Australia,Catholic,Male,Secondary,Indigenous,0
Part-time students,Western Australia,Catholic,Male,Secondary,Non-Indigenous,0
Part-time students,Western Australia,Government,Female,Primary,Indigenous,0
Part-time students,Western Australia,Government,Female,Primary,Non-Indigenous,0
Part-time students,Western Australia,Government,Female,Secondary,Indigenous,4
Part-time students,Western Australia,Government,Female,Secondary,Non-Indigenous,553
Part-time students,Western Australia,Government,Male,Primary,Indigenous,0
Part-time students,Western Australia,Government,Male,Primary,Non-Indigenous,0
Part-time students,Western Australia,Government,Male,Secondary,Indigenous,3
Part-time students,Western Australia,Government,Male,Secondary,Non-Indigenous,444
Part-time students,Western Australia,Independent,Female,Primary,Indigenous,0
Part-time students,Western Australia,Independent,Female,Primary,Non-Indigenous,20
Part-time students,Western Australia,Independent,Female,Secondary,Indigenous,0
Part-time students,Western Australia,Independent,Female,Secondary,Non-Indigenous,16
Part-time students,Western Australia,Independent,Male,Primary,Indigenous,0
Part-time students,Western Australia,Independent,Male,Primary,Non-Indigenous,43
Part-time students,Western Australia,Independent,Male,Secondary,Indigenous,0
Part-time students,Western Australia,Independent,Male,Secondary,Non-Indigenous,11
